,Name,Album,Artist
0,Sick Thoughts,https://www.youtube.com/watch?v=52K-UgfHDU8,Lewis Blissett
1,Mo Bamba,https://www.youtube.com/watch?v=52K-UgfHDU8,Sheck Wes
2,MONTERO (Call Me By Your Name),https://www.youtube.com/watch?v=52K-UgfHDU8,Lil Nas X
3,Foot Fungus,https://www.youtube.com/watch?v=52K-UgfHDU8,Ski Mask The Slump God
4,Shhh (Pew Pew) - Slowed + Reverb,https://www.youtube.com/watch?v=52K-UgfHDU8,Young Fanatic
5,Rasputin,https://www.youtube.com/watch?v=52K-UgfHDU8,Majestic
6,Astronaut In The Ocean,https://www.youtube.com/watch?v=52K-UgfHDU8,Masked Wolf
7,Whoopty,https://www.youtube.com/watch?v=52K-UgfHDU8,CJ
8,Streets,https://www.youtube.com/watch?v=52K-UgfHDU8,Doja Cat
9,Goosebumps - Remix,https://www.youtube.com/watch?v=52K-UgfHDU8,Travis Scott
10,Paparazzi,https://www.youtube.com/watch?v=52K-UgfHDU8,Kim Dracula
11,hot girl bummer,https://www.youtube.com/watch?v=52K-UgfHDU8,blackbear
12,Runnin Low,https://www.youtube.com/watch?v=52K-UgfHDU8,Kieran Alleyne
13,Моя голова винтом (My head is spinning like a screw),https://www.youtube.com/watch?v=52K-UgfHDU8,kostromin
14,Such a Whore (Stellular Remix),https://www.youtube.com/watch?v=52K-UgfHDU8,JVLA
15,Such a Whore (Instrumental),https://www.youtube.com/watch?v=52K-UgfHDU8,JVLA
16,Minimum - Umut Dogan Remix,https://www.youtube.com/watch?v=52K-UgfHDU8,Ямаджи
17,Минимум - The Sumo Remix,https://www.youtube.com/watch?v=52K-UgfHDU8,Ямаджи
18,Superlife,https://www.youtube.com/watch?v=52K-UgfHDU8,Lox Chatterbox
19,Invincible,https://www.youtube.com/watch?v=52K-UgfHDU8,Pop Smoke
20,How She Walk,https://www.youtube.com/watch?v=52K-UgfHDU8,TheGrimLynn
21,Arabian Night,https://www.youtube.com/watch?v=52K-UgfHDU8,Żwirek
22,Monster,https://www.youtube.com/watch?v=52K-UgfHDU8,Besomorph
23,PHONKY TOWN,https://www.youtube.com/watch?v=52K-UgfHDU8,PlayaPhonk
24,Goodbye (feat. Lyse) - Slow Version,https://www.youtube.com/watch?v=52K-UgfHDU8,Feder
25,Blood // Water,https://www.youtube.com/watch?v=52K-UgfHDU8,grandson
26,Fed Up,https://www.youtube.com/watch?v=52K-UgfHDU8,Ghostemane
